{
    "loss": 26.0339298248291,
    "accuracy": 0.5467625856399536
}