{
    "loss": 0.8271713852882385,
    "accuracy": 0.9568345546722412
}