{
    "loss": 0.4938713312149048,
    "accuracy": 0.798561155796051
}